<?xml version="1.0" encoding="UTF-8"?>
<metadata xml:lang="en"><Esri><CreaDate>20230407</CreaDate><CreaTime>00385800</CreaTime><ArcGISFormat>1.0</ArcGISFormat><SyncOnce>TRUE</SyncOnce><DataProperties><lineage><Process ToolSource="c:\program files\arcgis\pro\Resources\ArcToolbox\toolboxes\Conversion Tools.tbx\PolygonToRaster" Date="20230407" Time="003858">PolygonToRaster C:\Sip_EVS528\Sip_Coding_Challenge_08-main\Towns\towns.shp NAME C:\Sip_EVS528\Sip_Coding_Challenge_08-main\Towns_raster "Cell center" NONE 800 BUILD</Process></lineage></DataProperties></Esri></metadata>
